rec_id,tel_no,email,hosp_name
041,32318370,allencohen@example.net,King Hamad University Hospital
042,35320311,michaelhall@example.com,Dar Al Shifa Hospital
043,32484823,lorraine28@example.com,Al-Hilal Hospital
044,38268533,leonardmichael@example.org,King Faisal Specialist Hospital & Research Centre
045,34112032,haroldcurry@example.com,Mayo Clinic
046,32644714,nicole47@example.org,Dar Al Shifa Hospital
047,36025617,john68@example.com,King Faisal Specialist Hospital & Research Centre
048,31404623,cookjessica@example.com,Al-Hilal Hospital
049,31572524,robertellis@example.com,Dar Al Shifa Hospital
050,30513355,dwhite@example.net,Emirates Hospital
051,33750315,elizabeth75@example.com,King Faisal Specialist Hospital & Research Centre
052,32388244,smithanna@example.com,Mayo Clinic
053,37505132,williamspam@example.net,King Faisal Specialist Hospital & Research Centre
054,33670811,victor90@example.com,St Thomas Hospital London
055,37648306,tara33@example.net,Al-Hilal Hospital
056,38243300,vaughncathy@example.org,Salamaniya Hospital
057,38723528,burgessbrenda@example.org,Bahrain Defence Force Hospital
058,37153701,mullenjimmy@example.org,Al-Hilal Hospital
059,35853310,kbailey@example.org,St Thomas Hospital London
060,36065376,ashley78@example.org,Mayo Clinic
061,38345222,gina31@example.com,Al-Hilal Hospital
062,33873372,zconner@example.net,Al-Hilal Hospital
063,38571460,ashley52@example.com,Al-Hilal Hospital
064,36263121,morganstewart@example.com,St Thomas Hospital London
065,31558055,lauren77@example.net,King Hamad University Hospital
066,34462182,eliu@example.com,King Hamad University Hospital
067,34321271,zwood@example.com,Salamaniya Hospital
068,34765685,melissa94@example.com,Mayo Clinic
069,30805471,xcervantes@example.org,Dar Al Shifa Hospital
070,33708800,jenniferdavis@example.org,King Faisal Specialist Hospital & Research Centre
071,35320574,joanneboyd@example.net,King Faisal Specialist Hospital & Research Centre
072,37285823,robinwilliams@example.org,King Faisal Specialist Hospital & Research Centre
073,38374123,kristinalewis@example.org,Emirates Hospital
074,33277166,tgonzalez@example.net,American Mission Hospital
075,36358586,nicholaswalls@example.com,Bahrain Defence Force Hospital
076,33153801,nicholashill@example.org,American Mission Hospital
077,35767503,danahansen@example.org,Dar Al Shifa Hospital
078,30421271,grahampaula@example.org,Mayo Clinic
079,35736557,reyespatricia@example.com,American Mission Hospital
080,34021580,dominguezchristina@example.com,Dar Al Shifa Hospital
081,32670168,richardrose@example.net,Salamaniya Hospital
082,30657150,rodney80@example.net,St Thomas Hospital London
083,32882134,jacquelinemorgan@example.com,St Thomas Hospital London
084,37565603,wattslouis@example.net,Bahrain Defence Force Hospital
085,38732346,mitchelleric@example.com,Al-Hilal Hospital
086,33174408,colemanchristina@example.net,King Hamad University Hospital
087,32865402,webbaaron@example.com,Emirates Hospital
088,36403717,mark67@example.com,King Faisal Specialist Hospital & Research Centre
089,35885771,blewis@example.com,King Hamad University Hospital
090,38371827,blakejones@example.org,King Hamad University Hospital
091,34462625,iwilson@example.net,Al-Hilal Hospital
092,31633485,mvalenzuela@example.com,Al-Hilal Hospital
093,32024241,piercewilliam@example.net,King Faisal Specialist Hospital & Research Centre
094,32480500,melaniepierce@example.com,Al-Hilal Hospital
095,37088210,shirleyvaldez@example.org,Dar Al Shifa Hospital
096,30238416,bmorgan@example.com,American Mission Hospital
097,31067655,ssnyder@example.org,American Mission Hospital
098,31848070,jburton@example.org,Dar Al Shifa Hospital
099,32218263,nbonilla@example.com,Al-Hilal Hospital
0100,38483101,lisa26@example.com,King Faisal Specialist Hospital & Research Centre
0101,31112235,usanford@example.org,King Hamad University Hospital
0102,30622648,davidmiller@example.org,Al-Hilal Hospital
0103,37881305,connorfields@example.com,Mayo Clinic
0104,38888846,wolflatoya@example.org,St Thomas Hospital London
0105,35500454,stantonkarina@example.com,Dar Al Shifa Hospital
0106,38670583,harold30@example.org,Salamaniya Hospital
0107,35246853,monroekimberly@example.net,Salamaniya Hospital
0108,33283607,anthony31@example.net,Bahrain Defence Force Hospital
0109,33058056,andersondanielle@example.org,American Mission Hospital
0110,30818750,aprilsmith@example.com,Dar Al Shifa Hospital
0111,30430525,drakesteven@example.net,Salamaniya Hospital
0112,34840040,julie36@example.net,Salamaniya Hospital
0113,34107872,dcox@example.org,American Mission Hospital
0114,35208622,robin82@example.com,American Mission Hospital
0115,37533182,scott18@example.org,Al-Hilal Hospital
0116,36113482,alexisjohnston@example.org,Dar Al Shifa Hospital
0117,35064834,wagnerkevin@example.org,Al-Hilal Hospital
0118,31153541,rachelpena@example.org,American Mission Hospital
0119,32736562,steve27@example.net,Mayo Clinic
0120,31774246,richardsonbill@example.com,American Mission Hospital
0121,35056358,meyersharon@example.org,King Faisal Specialist Hospital & Research Centre
0122,33384850,ayalakaren@example.org,Mayo Clinic
0123,38077164,ehardy@example.net,King Hamad University Hospital
0124,33171861,gibsonstephen@example.net,Al-Hilal Hospital
0125,33850864,bnguyen@example.com,Al-Hilal Hospital
0126,32668261,deleonjames@example.org,King Faisal Specialist Hospital & Research Centre
0127,33717122,andrew28@example.org,Al-Hilal Hospital
0128,38762836,christypowell@example.com,Salamaniya Hospital
0129,32121065,haynesmichael@example.com,Mayo Clinic
0130,35664687,lisa24@example.net,Mayo Clinic
0131,33857710,annettepreston@example.net,Al-Hilal Hospital
0132,38467563,tanya48@example.com,King Hamad University Hospital
0133,34413630,alicia78@example.org,King Faisal Specialist Hospital & Research Centre
0134,31047766,deborah56@example.com,King Faisal Specialist Hospital & Research Centre
0135,30255021,gailprice@example.org,Mayo Clinic
0136,35476865,wolfgeorge@example.org,Mayo Clinic
0137,37240053,kiddtracey@example.com,Emirates Hospital
0138,38625380,anthony01@example.net,St Thomas Hospital London
0139,32511380,diaztodd@example.com,Bahrain Defence Force Hospital
0140,33361277,kprince@example.org,Dar Al Shifa Hospital
0141,30405788,mortondonald@example.net,Bahrain Defence Force Hospital
0142,36476312,sroberts@example.org,Emirates Hospital
0143,35541425,rosejoseph@example.com,King Hamad University Hospital
0144,34308042,claytonmichael@example.org,Dar Al Shifa Hospital
0145,32271634,rangelwilliam@example.org,Salamaniya Hospital
0146,33155731,richardstuart@example.com,Mayo Clinic
0147,35506632,joshualambert@example.net,American Mission Hospital
0148,31736736,webbbradley@example.org,American Mission Hospital
0149,36565424,perezrichard@example.org,King Hamad University Hospital
0150,35425752,martinezmichelle@example.com,St Thomas Hospital London
0151,30717705,zrichmond@example.net,Mayo Clinic
0152,34075464,angelanelson@example.org,King Faisal Specialist Hospital & Research Centre
0153,36856782,qdrake@example.net,St Thomas Hospital London
0154,37588736,deleonerica@example.net,Emirates Hospital
0155,37377406,kayla62@example.net,King Faisal Specialist Hospital & Research Centre
0156,35354365,robert44@example.net,American Mission Hospital
0157,30386473,ojohnston@example.net,King Hamad University Hospital
0158,30737330,emily74@example.net,Al-Hilal Hospital
0159,30584228,rhanson@example.com,King Faisal Specialist Hospital & Research Centre
0160,38442145,hudsonjeffrey@example.com,Mayo Clinic
0161,36532865,alexasmith@example.net,American Mission Hospital
0162,32875678,rirwin@example.org,King Faisal Specialist Hospital & Research Centre
0163,31831748,colin91@example.net,Dar Al Shifa Hospital
0164,33235742,ywright@example.org,Dar Al Shifa Hospital
0165,30722234,iwilcox@example.net,American Mission Hospital
0166,38105837,operez@example.com,Bahrain Defence Force Hospital
0167,30873005,wbrooks@example.org,King Hamad University Hospital
0168,30728323,williamsrobert@example.net,St Thomas Hospital London
0169,34322524,robert68@example.com,St Thomas Hospital London
0170,34752335,corey16@example.com,Emirates Hospital
0171,37083246,aherrera@example.org,St Thomas Hospital London
0172,30602114,angela48@example.com,King Hamad University Hospital
0173,30688837,rmcdaniel@example.com,American Mission Hospital
0174,30046618,rileyluis@example.org,King Hamad University Hospital
0175,30625220,kristen04@example.com,King Hamad University Hospital
0176,34805805,olsencarol@example.net,Mayo Clinic
0177,38782564,rebeccasingh@example.net,Al-Hilal Hospital
0178,34138625,smithwayne@example.net,King Hamad University Hospital
0179,35343266,dflores@example.org,St Thomas Hospital London
0180,31112105,heatherkeith@example.net,King Hamad University Hospital
0181,33226501,joel46@example.com,American Mission Hospital
0182,33674277,jameslopez@example.com,Emirates Hospital
0183,30036762,jennifercooley@example.com,Dar Al Shifa Hospital
0184,35053012,wmullen@example.net,Mayo Clinic
0185,35774028,amanda56@example.org,Salamaniya Hospital
0186,32656212,allison76@example.org,King Hamad University Hospital
0187,34586740,jeremydavis@example.com,St Thomas Hospital London
0188,38760860,brittanybutler@example.net,St Thomas Hospital London
0189,37168868,thompsontyler@example.net,Emirates Hospital
0190,31057111,elliottmolly@example.com,Dar Al Shifa Hospital
0191,36688174,mcgeejodi@example.com,Bahrain Defence Force Hospital
0192,30827171,pamela02@example.com,King Faisal Specialist Hospital & Research Centre
0193,32222266,antonioroy@example.org,Bahrain Defence Force Hospital
0194,38705574,oingram@example.com,Bahrain Defence Force Hospital
0195,35777758,frichards@example.com,King Faisal Specialist Hospital & Research Centre
0196,36236330,sarahpearson@example.net,King Faisal Specialist Hospital & Research Centre
0197,38252013,cory63@example.com,Salamaniya Hospital
0198,32014142,edward53@example.net,Al-Hilal Hospital
0199,36138475,smithjessica@example.org,Dar Al Shifa Hospital
0200,31548264,johnwhite@example.org,Mayo Clinic
0201,35156002,devin19@example.net,Mayo Clinic
0202,31040833,joshuawashington@example.net,Mayo Clinic
0203,32303477,qgraves@example.com,Bahrain Defence Force Hospital
0204,37350034,vmartinez@example.org,Al-Hilal Hospital
0205,31207776,vedwards@example.net,Dar Al Shifa Hospital
0206,38213038,michelleoconnell@example.com,Bahrain Defence Force Hospital
0207,36566485,tarajones@example.org,Mayo Clinic
0208,32412330,dickersoncrystal@example.com,Bahrain Defence Force Hospital
0209,34275787,andersenmichael@example.net,Salamaniya Hospital
0210,36727355,ismith@example.com,Salamaniya Hospital
0211,34087278,zdaniels@example.com,Salamaniya Hospital
0212,34288380,xmiller@example.org,King Hamad University Hospital
0213,36415356,michaelboyle@example.net,Salamaniya Hospital
0214,37722670,dcook@example.org,Salamaniya Hospital
0215,31555863,michael89@example.org,St Thomas Hospital London
0216,32357648,dhebert@example.com,Dar Al Shifa Hospital
0217,36207740,william77@example.net,Mayo Clinic
0218,36711020,ybarnes@example.com,American Mission Hospital
0219,31167715,rickyhaynes@example.org,King Hamad University Hospital
0220,37864080,thomasangela@example.org,King Hamad University Hospital
0221,31553626,krista59@example.com,Emirates Hospital
0222,30748082,nwalter@example.net,Al-Hilal Hospital
0223,30030884,nwarren@example.net,St Thomas Hospital London
0224,38013113,joseph92@example.org,American Mission Hospital
0225,36176241,paulmurray@example.net,Bahrain Defence Force Hospital
0226,31076070,tallen@example.org,American Mission Hospital
0227,30834776,spencevincent@example.com,Dar Al Shifa Hospital
0228,37756781,fclark@example.net,Salamaniya Hospital
0229,32245155,jacksonjessica@example.net,Al-Hilal Hospital
0230,38445370,staffordaustin@example.org,Dar Al Shifa Hospital
0231,32420536,theresa80@example.com,Dar Al Shifa Hospital
0232,38502374,williamthomas@example.net,King Hamad University Hospital
0233,37215283,joshua03@example.com,American Mission Hospital
0234,38106034,amandamurphy@example.net,St Thomas Hospital London
0235,32320688,lhardy@example.org,Bahrain Defence Force Hospital
0236,35674261,madelinejames@example.org,King Faisal Specialist Hospital & Research Centre
0237,31026227,saraconley@example.org,Al-Hilal Hospital
0238,37304136,erica87@example.net,St Thomas Hospital London
0239,33000212,davidchandler@example.org,King Hamad University Hospital
0240,37467534,christopher46@example.net,Bahrain Defence Force Hospital
0241,31856253,vdoyle@example.net,St Thomas Hospital London
0242,30375408,cheryl96@example.net,King Faisal Specialist Hospital & Research Centre
0243,32217808,sherrycarter@example.org,King Hamad University Hospital
0244,30758307,margaret00@example.net,St Thomas Hospital London
0245,33301880,velasquezjody@example.net,Mayo Clinic
0246,35374085,bauernathan@example.net,Dar Al Shifa Hospital
0247,32705501,adamskatherine@example.org,American Mission Hospital
0248,36387851,adamsaaron@example.com,Emirates Hospital
0249,36663533,nclark@example.org,St Thomas Hospital London
0250,30785241,linda35@example.com,St Thomas Hospital London
0251,33665717,vkelly@example.org,King Faisal Specialist Hospital & Research Centre
0252,31347202,stephenlee@example.net,Dar Al Shifa Hospital
0253,34423485,eflowers@example.com,Emirates Hospital
0254,38403632,wknight@example.com,Al-Hilal Hospital
0255,36500577,veronicaswanson@example.org,Bahrain Defence Force Hospital
0256,32447216,samantha34@example.net,St Thomas Hospital London
0257,37220814,davisshawn@example.org,Al-Hilal Hospital
0258,33768442,fthompson@example.net,Emirates Hospital
0259,38715731,qbarker@example.org,King Faisal Specialist Hospital & Research Centre
0260,32823241,wmcdowell@example.org,Bahrain Defence Force Hospital
0261,34624173,toddbarrett@example.net,Salamaniya Hospital
0262,30046627,michaelweaver@example.org,American Mission Hospital
0263,35338676,melanie95@example.org,Emirates Hospital
0264,31200480,lawrence26@example.org,King Faisal Specialist Hospital & Research Centre
0265,35231818,robinwalker@example.com,Dar Al Shifa Hospital
0266,30645473,thomasjustin@example.net,King Faisal Specialist Hospital & Research Centre
0267,34558832,alec63@example.org,King Hamad University Hospital
0268,35781425,xlove@example.com,King Faisal Specialist Hospital & Research Centre
0269,33218837,christinesimmons@example.com,Bahrain Defence Force Hospital
0270,33506431,crodriguez@example.org,Al-Hilal Hospital
0271,33554548,ernestwilliams@example.net,Mayo Clinic
0272,36201421,kennedyjoshua@example.org,King Faisal Specialist Hospital & Research Centre
0273,35481083,benjamin20@example.org,Bahrain Defence Force Hospital
0274,36102547,karen64@example.net,King Faisal Specialist Hospital & Research Centre
0275,30551075,meaganlawson@example.com,Bahrain Defence Force Hospital
0276,32757525,lisaaustin@example.org,Emirates Hospital
0277,32022314,josephwade@example.org,Mayo Clinic
0278,30346764,mchen@example.net,Salamaniya Hospital
0279,35657342,aatkins@example.net,St Thomas Hospital London
0280,31840573,lcooper@example.com,Dar Al Shifa Hospital
0281,33711775,floresshawn@example.net,American Mission Hospital
0282,32185557,lcarlson@example.net,Dar Al Shifa Hospital
0283,37682410,jerryjohns@example.com,Emirates Hospital
0284,34146410,jeffreylowe@example.org,Bahrain Defence Force Hospital
0285,38214614,paulthomas@example.net,King Faisal Specialist Hospital & Research Centre
0286,35051256,rtaylor@example.com,Mayo Clinic
0287,36038442,alejandro54@example.com,Dar Al Shifa Hospital
0288,30427278,staceymatthews@example.org,Salamaniya Hospital
0289,30866532,kathrynwilliams@example.org,King Hamad University Hospital
0290,32275431,nathan55@example.org,Emirates Hospital
0291,38177546,nichole97@example.net,American Mission Hospital
0292,33408808,humphreybrandy@example.org,St Thomas Hospital London
0293,33865420,salazarmichael@example.com,Mayo Clinic
0294,30130836,loweantonio@example.net,Dar Al Shifa Hospital
0295,31437433,elliottcourtney@example.org,American Mission Hospital
0296,37303504,jeffersonlaura@example.org,American Mission Hospital
0297,31744367,zachary86@example.com,Emirates Hospital
0298,30202673,linda08@example.net,St Thomas Hospital London
0299,34121728,smithamanda@example.org,Emirates Hospital
0300,34628355,drewnewman@example.com,Bahrain Defence Force Hospital
0301,37680824,jasonbrown@example.org,American Mission Hospital
0302,33061574,vaughnjohn@example.net,Emirates Hospital
0303,33344267,zpham@example.org,Salamaniya Hospital
0304,31074308,wmcgee@example.net,American Mission Hospital
0305,30283140,blakebuck@example.net,King Faisal Specialist Hospital & Research Centre
0306,38200827,sarah69@example.com,Emirates Hospital
0307,38877181,maysjustin@example.org,King Faisal Specialist Hospital & Research Centre
0308,35315542,mgilmore@example.net,American Mission Hospital
0309,35556300,griffithcrystal@example.net,American Mission Hospital
0310,30665164,kellyprince@example.net,Mayo Clinic
0311,34456358,markanderson@example.net,Salamaniya Hospital
0312,38231362,andrea03@example.org,King Faisal Specialist Hospital & Research Centre
0313,36532860,joseph66@example.org,Salamaniya Hospital
0314,31323762,lisa78@example.org,Salamaniya Hospital
0315,34436825,jacob26@example.com,Salamaniya Hospital
0316,38187818,amber02@example.com,St Thomas Hospital London
0317,36700855,duane14@example.net,King Faisal Specialist Hospital & Research Centre
0318,30452668,vmorris@example.com,Salamaniya Hospital
0319,36746425,penapeter@example.org,Dar Al Shifa Hospital
0320,34451813,brownashley@example.com,Mayo Clinic
0321,37353141,michellejenkins@example.com,King Hamad University Hospital
0322,37563743,twood@example.net,Bahrain Defence Force Hospital
0323,35888737,clintonmartinez@example.org,Mayo Clinic
0324,30834232,beth99@example.org,Dar Al Shifa Hospital
0325,35687206,christinabauer@example.com,St Thomas Hospital London
0326,36602322,andersonjudy@example.com,American Mission Hospital
0327,35131675,cmarshall@example.net,Salamaniya Hospital
0328,33443232,donaldperry@example.org,American Mission Hospital
0329,34544288,mcooper@example.org,King Hamad University Hospital
0330,35475005,gilbertjuan@example.com,King Faisal Specialist Hospital & Research Centre
0331,35620055,dcarter@example.org,King Hamad University Hospital
0332,36725151,carla64@example.com,Mayo Clinic
0333,35743650,salinasnatalie@example.org,Dar Al Shifa Hospital
0334,38500352,chadolsen@example.org,Bahrain Defence Force Hospital
0335,32865364,rowejohnny@example.net,Emirates Hospital
0336,33606245,beverlymorales@example.com,King Faisal Specialist Hospital & Research Centre
0337,32063265,jennifer52@example.com,Emirates Hospital
0338,34682477,rachelsanders@example.org,American Mission Hospital
0339,30176244,patricia17@example.org,Dar Al Shifa Hospital
